<?xml version='1.0'?>
<licenseSummary>
    <project>web-nodejs</project>
    <version>1.0.0</version>
    <license>Apache-2.0</license>
    <dependencies>
        <dependency>
            <packageName>@patternfly/patternfly</packageName>
            <version>2.36.2</version>
            <licenses>
                <license>
                    <name>MIT License</name>
                    <url>http://www.opensource.org/licenses/MIT</url>
                </license>
            </licenses>
        </dependency>
        <dependency>
            <packageName>body-parser</packageName>
            <version>1.19.0</version>
            <licenses>
                <license>
                    <name>MIT License</name>
                    <url>http://www.opensource.org/licenses/MIT</url>
                </license>
            </licenses>
        </dependency>
        <dependency>
            <packageName>cors</packageName>
            <version>2.8.5</version>
            <licenses>
                <license>
                    <name>MIT License</name>
                    <url>http://www.opensource.org/licenses/MIT</url>
                </license>
            </licenses>
        </dependency>
        <dependency>
            <packageName>env-var</packageName>
            <version>7.3.0</version>
            <licenses>
                <license>
                    <name>MIT License</name>
                    <url>http://www.opensource.org/licenses/MIT</url>
                </license>
            </licenses>
        </dependency>
        <dependency>
            <packageName>express</packageName>
            <version>4.16.4</version>
            <licenses>
                <license>
                    <name>MIT License</name>
                    <url>http://www.opensource.org/licenses/MIT</url>
                </license>
            </licenses>
        </dependency>
        <dependency>
            <packageName>gulp</packageName>
            <version>4.0.2</version>
            <licenses>
                <license>
                    <name>MIT License</name>
                    <url>http://www.opensource.org/licenses/MIT</url>
                </license>
            </licenses>
        </dependency>
        <dependency>
            <packageName>gulp-ng-config</packageName>
            <version>1.5.1</version>
            <licenses>
                <license>
                    <name>MIT License</name>
                    <url>http://www.opensource.org/licenses/MIT</url>
                </license>
            </licenses>
        </dependency>
        <dependency>
            <packageName>license-reporter</packageName>
            <version>1.3.0</version>
            <licenses>
                <license>
                    <name>Apache License 2.0</name>
                    <url>http://www.apache.org/licenses/LICENSE-2.0</url>
                </license>
            </licenses>
        </dependency>
    </dependencies>
</licenseSummary>